{"cameraMode":{"drawMode":0,"name":"Shaded","section":"Shading Mode"},"sceneLighting":false,"audioPlay":false,"sceneViewState":{"showFog":true,"showMaterialUpdate":false,"showSkybox":false,"showFlares":true,"showImageEffects":true,"showParticleSystems":true},"in2DMode":false,"pivot":{"x":43.903499603271487,"y":5.3824143409729,"z":-8.095897674560547},"rotation":{"x":0.20996986329555512,"y":0.03980381414294243,"z":-0.013514207676053048,"w":0.9773705005645752},"size":0.5196148157119751,"orthographic":false}