{"cameraMode":{"drawMode":0,"name":"Shaded","section":"Shading Mode"},"sceneLighting":false,"audioPlay":false,"sceneViewState":{"showFog":true,"showMaterialUpdate":false,"showSkybox":false,"showFlares":true,"showImageEffects":true,"showParticleSystems":true},"in2DMode":false,"pivot":{"x":-0.08238649368286133,"y":2.0,"z":-1.9176111221313477},"rotation":{"x":-0.09636388719081879,"y":0.8999237418174744,"z":-0.2536948621273041,"w":-0.3414834141731262},"size":3.5598702430725099,"orthographic":false}