{"cameraMode":{"drawMode":0,"name":"Shaded","section":"Shading Mode"},"sceneLighting":false,"audioPlay":false,"sceneViewState":{"showFog":true,"showMaterialUpdate":false,"showSkybox":false,"showFlares":true,"showImageEffects":true,"showParticleSystems":true},"in2DMode":false,"pivot":{"x":17.37081527709961,"y":-3.783489227294922,"z":31.54469108581543},"rotation":{"x":-0.44327789545059206,"y":0.01398006547242403,"z":-0.00691251689568162,"w":-0.8962551355361939},"size":22.022987365722658,"orthographic":false}