{"cameraMode":{"drawMode":0,"name":"Shaded","section":"Shading Mode"},"sceneLighting":false,"audioPlay":false,"sceneViewState":{"showFog":true,"showMaterialUpdate":false,"showSkybox":false,"showFlares":true,"showImageEffects":true,"showParticleSystems":true},"in2DMode":false,"pivot":{"x":0.013629913330078125,"y":1.4532663822174073,"z":0.2638877332210541},"rotation":{"x":0.010741891339421273,"y":0.9874048829078674,"z":-0.13954073190689088,"w":0.0757230892777443},"size":1.6393158435821534,"orthographic":false}