{"cameraMode":{"drawMode":0,"name":"Shaded","section":"Shading Mode"},"sceneLighting":false,"audioPlay":false,"sceneViewState":{"showFog":true,"showMaterialUpdate":false,"showSkybox":false,"showFlares":true,"showImageEffects":true,"showParticleSystems":true},"in2DMode":false,"pivot":{"x":-1.6904546022415162,"y":1.8894153833389283,"z":38.868465423583987},"rotation":{"x":-0.31128647923469546,"y":0.03903493285179138,"z":-0.012817298993468285,"w":-0.9494706988334656},"size":2.236809253692627,"orthographic":false}