{"cameraMode":{"drawMode":0,"name":"Shaded","section":"Shading Mode"},"sceneLighting":true,"audioPlay":false,"sceneViewState":{"showFog":true,"showMaterialUpdate":false,"showSkybox":true,"showFlares":true,"showImageEffects":true,"showParticleSystems":true},"in2DMode":false,"pivot":{"x":13.351517677307129,"y":0.9103221893310547,"z":-4.917013168334961},"rotation":{"x":0.27211856842041018,"y":0.30661699175834658,"z":-0.09191696345806122,"w":0.9075264930725098},"size":13.184377670288086,"orthographic":false}