{"cameraMode":{"drawMode":0,"name":"Shaded","section":"Shading Mode"},"sceneLighting":false,"audioPlay":false,"sceneViewState":{"showFog":true,"showMaterialUpdate":false,"showSkybox":false,"showFlares":true,"showImageEffects":true,"showParticleSystems":true},"in2DMode":false,"pivot":{"x":0.8310561180114746,"y":9.481104850769043,"z":10.048530578613282},"rotation":{"x":-0.0054140519350767139,"y":-0.9757534265518189,"z":0.21748970448970796,"w":-0.024293476715683938},"size":6.304562091827393,"orthographic":false}