{"cameraMode":{"drawMode":0,"name":"Shaded","section":"Shading Mode"},"sceneLighting":false,"audioPlay":false,"sceneViewState":{"showFog":true,"showMaterialUpdate":false,"showSkybox":false,"showFlares":true,"showImageEffects":true,"showParticleSystems":true},"in2DMode":false,"pivot":{"x":33.79362487792969,"y":1.3485398292541505,"z":-10.892752647399903},"rotation":{"x":-0.1164681538939476,"y":-0.789060652256012,"z":0.1645166128873825,"w":-0.5812444686889648},"size":2.0331871509552,"orthographic":false}