{"cameraMode":{"drawMode":0,"name":"Shaded","section":"Shading Mode"},"sceneLighting":true,"audioPlay":false,"sceneViewState":{"showFog":true,"showMaterialUpdate":false,"showSkybox":true,"showFlares":true,"showImageEffects":true,"showParticleSystems":true},"in2DMode":false,"pivot":{"x":54.30458450317383,"y":-90.72017669677735,"z":41.785552978515628},"rotation":{"x":-0.4315948188304901,"y":-0.022182149812579156,"z":0.010614702478051186,"w":-0.9017491340637207},"size":106.40119171142578,"orthographic":false}