{"cameraMode":{"drawMode":0,"name":"Shaded","section":"Shading Mode"},"sceneLighting":true,"audioPlay":false,"sceneViewState":{"showFog":true,"showMaterialUpdate":false,"showSkybox":true,"showFlares":true,"showImageEffects":true,"showParticleSystems":true},"in2DMode":false,"pivot":{"x":18.702564239501954,"y":28.92220687866211,"z":-37.15540313720703},"rotation":{"x":0.2859097421169281,"y":-0.0016517326002940536,"z":-0.0014363003429025412,"w":0.9587482810020447},"size":0.19869685173034669,"orthographic":false}