{"cameraMode":{"drawMode":0,"name":"Shaded","section":"Shading Mode"},"sceneLighting":false,"audioPlay":false,"sceneViewState":{"showFog":true,"showMaterialUpdate":false,"showSkybox":false,"showFlares":true,"showImageEffects":true,"showParticleSystems":true},"in2DMode":false,"pivot":{"x":-2.086162567138672e-7,"y":0.46881943941116335,"z":-0.02538149058818817},"rotation":{"x":-0.27389290928840639,"y":-0.04989844188094139,"z":0.014214210212230683,"w":-0.9604014158248901},"size":0.5540198683738709,"orthographic":false}