{"cameraMode":{"drawMode":0,"name":"Shaded","section":"Shading Mode"},"sceneLighting":true,"audioPlay":false,"sceneViewState":{"showFog":true,"showMaterialUpdate":false,"showSkybox":true,"showFlares":true,"showImageEffects":true,"showParticleSystems":true},"in2DMode":false,"pivot":{"x":44.524166107177737,"y":-1.037109375,"z":-4.509395599365234},"rotation":{"x":-0.4285053312778473,"y":0.0005694904248230159,"z":-0.00019606188288889825,"w":-0.9036045074462891},"size":25.399383544921876,"orthographic":false}