{"cameraMode":{"drawMode":0,"name":"Shaded","section":"Shading Mode"},"sceneLighting":false,"audioPlay":false,"sceneViewState":{"showFog":true,"showMaterialUpdate":false,"showSkybox":false,"showFlares":true,"showImageEffects":true,"showParticleSystems":true},"in2DMode":false,"pivot":{"x":94.81712341308594,"y":3.5535712242126467,"z":3.3407552242279054},"rotation":{"x":0.14843504130840302,"y":-0.7206291556358337,"z":0.15525436401367188,"w":0.6600474119186401},"size":0.5960202813148499,"orthographic":false}