{"cameraMode":{"drawMode":0,"name":"Shaded","section":"Shading Mode"},"sceneLighting":true,"audioPlay":false,"sceneViewState":{"showFog":true,"showMaterialUpdate":false,"showSkybox":true,"showFlares":true,"showImageEffects":true,"showParticleSystems":true},"in2DMode":false,"pivot":{"x":54.18334197998047,"y":-51.588741302490237,"z":34.591819763183597},"rotation":{"x":0.29766845703125,"y":-0.0354936383664608,"z":0.011692030355334282,"w":0.9542547464370728},"size":86.2106704711914,"orthographic":false}