{"cameraMode":{"drawMode":0,"name":"Shaded","section":"Shading Mode"},"sceneLighting":false,"audioPlay":false,"sceneViewState":{"showFog":true,"showMaterialUpdate":false,"showSkybox":false,"showFlares":true,"showImageEffects":true,"showParticleSystems":true},"in2DMode":false,"pivot":{"x":35.60078811645508,"y":2.411663055419922,"z":-9.664366722106934},"rotation":{"x":-0.29599741101264956,"y":0.00621832674369216,"z":0.0020751934498548509,"w":-0.9557397961616516},"size":2.0331871509552,"orthographic":false}