{"cameraMode":{"drawMode":0,"name":"Shaded","section":"Shading Mode"},"sceneLighting":true,"audioPlay":false,"sceneViewState":{"showFog":true,"showMaterialUpdate":false,"showSkybox":true,"showFlares":true,"showImageEffects":true,"showParticleSystems":true},"in2DMode":false,"pivot":{"x":73.15156555175781,"y":2.986830949783325,"z":2.0206570625305177},"rotation":{"x":-0.03224223479628563,"y":-0.6459537744522095,"z":0.027388008311390878,"w":-0.7623859643936157},"size":12.473337173461914,"orthographic":false}