{"cameraMode":{"drawMode":0,"name":"Shaded","section":"Shading Mode"},"sceneLighting":false,"audioPlay":false,"sceneViewState":{"showFog":true,"showMaterialUpdate":false,"showSkybox":false,"showFlares":true,"showImageEffects":true,"showParticleSystems":true},"in2DMode":false,"pivot":{"x":0.744724452495575,"y":1.8955069780349732,"z":0.581554651260376},"rotation":{"x":0.20323006808757783,"y":-0.7887571454048157,"z":0.3219291865825653,"w":0.48376187682151797},"size":0.015053593553602696,"orthographic":false}