{"cameraMode":{"drawMode":0,"name":"Shaded","section":"Shading Mode"},"sceneLighting":true,"audioPlay":false,"sceneViewState":{"showFog":true,"showMaterialUpdate":false,"showSkybox":true,"showFlares":true,"showImageEffects":true,"showParticleSystems":true},"in2DMode":false,"pivot":{"x":51.59709548950195,"y":75.56546783447266,"z":-70.12249755859375},"rotation":{"x":-0.41910549998283389,"y":0.034236807376146319,"z":-0.010225154459476471,"w":-0.9078495502471924},"size":1.9136431217193604,"orthographic":false}