{"cameraMode":{"drawMode":0,"name":"Shaded","section":"Shading Mode"},"sceneLighting":false,"audioPlay":false,"sceneViewState":{"showFog":true,"showMaterialUpdate":false,"showSkybox":false,"showFlares":true,"showImageEffects":true,"showParticleSystems":true},"in2DMode":false,"pivot":{"x":92.05040740966797,"y":4.564136505126953,"z":2.6399340629577638},"rotation":{"x":-0.3311138451099396,"y":-0.5304309129714966,"z":0.24354387819766999,"w":-0.7421594858169556},"size":0.5960202813148499,"orthographic":false}