{"cameraMode":{"drawMode":0,"name":"Shaded","section":"Shading Mode"},"sceneLighting":true,"audioPlay":false,"sceneViewState":{"showFog":true,"showMaterialUpdate":false,"showSkybox":true,"showFlares":true,"showImageEffects":true,"showParticleSystems":true},"in2DMode":false,"pivot":{"x":15.206828117370606,"y":-10.893453598022461,"z":9.659149169921875},"rotation":{"x":-0.36594313383102419,"y":-0.18602044880390168,"z":0.07490850239992142,"w":-0.908784806728363},"size":21.086938858032228,"orthographic":false}