{"cameraMode":{"drawMode":0,"name":"Shaded","section":"Shading Mode"},"sceneLighting":true,"audioPlay":false,"sceneViewState":{"showFog":true,"showMaterialUpdate":false,"showSkybox":true,"showFlares":true,"showImageEffects":true,"showParticleSystems":true},"in2DMode":false,"pivot":{"x":24.567045211791993,"y":-1.0290374755859376,"z":-5.425569534301758},"rotation":{"x":-0.50797438621521,"y":0.0005060424446128309,"z":-0.00031377183040603995,"w":-0.8614138960838318},"size":25.5402889251709,"orthographic":false}