{"cameraMode":{"drawMode":0,"name":"Shaded","section":"Shading Mode"},"sceneLighting":true,"audioPlay":false,"sceneViewState":{"showFog":true,"showMaterialUpdate":false,"showSkybox":true,"showFlares":true,"showImageEffects":true,"showParticleSystems":true},"in2DMode":false,"pivot":{"x":18.327735900878908,"y":31.441923141479493,"z":-15.52169418334961},"rotation":{"x":-0.48189786076545718,"y":-0.006062607746571302,"z":0.0033055769745260479,"w":-0.8762459754943848},"size":5.366025924682617,"orthographic":false}