{"cameraMode":{"drawMode":0,"name":"Shaded","section":"Shading Mode"},"sceneLighting":false,"audioPlay":false,"sceneViewState":{"showFog":true,"showMaterialUpdate":false,"showSkybox":false,"showFlares":true,"showImageEffects":true,"showParticleSystems":true},"in2DMode":false,"pivot":{"x":0.0000016689300537109376,"y":1.9999990463256837,"z":-0.7917578220367432},"rotation":{"x":-0.09636388719081879,"y":0.8999237418174744,"z":-0.2536948621273041,"w":-0.3414834141731262},"size":2.9371554851531984,"orthographic":false}